Tolerance Factor,New Tolerance Factor,Octahedral Factor,Band gap,Del H,Del L,Voc,Jsc,FF,PCE
1.038835888,3.51008842,0.572815534,1.5,0.44,0.2,0.77,11.28,0.577,5.01
1.055220889,3.482612257,0.5776699029,1.4,0.7,0.36,0.36,21.96,0.674,5.29
0.8517798366,4.194937578,0.6213142376,2.08,0.8,0.08,0.85,10.56,0.62,5.52
0.8517798366,4.194937578,0.6213142376,2.08,0.78,0.06,1.09,7.76,0.6594,5.59
1.055220889,3.482612257,0.5776699029,1.4,0.7,0.28,0.4,22.17,0.662,5.9
1.027503233,3.439577333,0.6062474312,1.6,0.38,0,0.972,8.67,0.727,6.12
1.029124082,3.520232369,0.572815534,1.51,0.49,0.08,1.01,8.69,0.726,6.29
1.055220889,3.482612257,0.5776699029,1.4,0.7,0.16,0.44,22.34,0.673,6.56
0.8555992052,4.127818934,0.6483516484,2.3,0.6,0.8,1.24,7.4,0.73,6.7
0.8555992052,4.127818934,0.6483516484,2.3,0.4,0.8,1.27,6.97,0.785,6.95
1.027503233,3.439577333,0.6062474312,1.6,0.5,0,0.975,10.92,0.66,7.03
1.055220889,3.482612257,0.5776699029,1.4,0.7,0.18,0.47,22.45,0.678,7.09
1.059446349,3.465084977,0.5830039526,1.73,0.43,0.18,0.97,20.1,0.38,7.5
1.019412276,3.531785558,0.572815534,1.54,0.49,0.05,1.05,10.1,0.73,7.68
1.038835888,3.51008842,0.572815534,1.5,0.35,0.2,0.924,18.6,0.48,8.3
1.038835888,3.51008842,0.572815534,1.5,0.4,0.3,0.94,13.8,0.73,8.6
1.059446349,3.465084977,0.5830039526,1.73,0.47,0.43,0.99,16,0.57,9
1.038835888,3.51008842,0.572815534,1.5,0.4,0.3,0.8,15.1,0.81,9.3
1.038835888,3.51008842,0.572815534,1.5,0.2,0.2,0.93,18.19,0.563,9.52
1.058477743,3.493388698,0.572815534,1.5,0.5,0.12,0.809,21.4,0.59,10.4
1.038835888,3.51008842,0.572815534,1.5,0.4,0.3,0.84,16.6,0.76,10.6
1.047353808,3.483381306,0.5798525799,1.5,0,0,1.1,18.55,0.5336,10.7
1.040120664,3.499495199,0.5763125763,1.55,0.28,0.37,0.94,20.5,0.56,10.8
1.038835888,3.51008842,0.572815534,1.5,0.4,0.2,0.946,17.51,0.671,11.11
1.040120664,3.499495199,0.5763125763,1.61,0.16,0.35,0.89,20.3,0.62,11.2
1.038835888,3.51008842,0.572815534,1.55,0.42,0.04,0.985,19.9,0.573,11.2
1.038835888,3.51008842,0.572815534,1.5,0.2,0.3,0.95,16.47,0.721,11.26
1.038835888,3.51008842,0.572815534,1.5,0.18,0.3,0.91,20.48,0.61,11.39
1.038835888,3.51008842,0.572815534,1.5,0.3,0.3,0.9,19.3,0.67,11.5
1.038835888,3.51008842,0.572815534,1.5,0.18,0.2,0.85,18.7,0.731,11.6
1.056846807,3.487939566,0.5752427184,1.17,0.5,0.06,0.61,27.79,0.68,11.6
1.047503395,3.440173166,0.5967130215,1.55,0.1,0.25,0.84,22.056,0.63155,11.7
1.038835888,3.51008842,0.572815534,1.5,0.2,0,1.11,20.53,0.5,11.7
1.059446349,3.465084977,0.5830039526,1.73,0.59,0.43,0.961,18.4,0.67,11.9
0.8480449209,4.26409012,0.5957189015,1.92,0.83,0.27,1.06,14.7,0.757,11.9
1.040120664,3.499495199,0.5763125763,1.6,0.1,0.3,1.05,17.62,0.601,12
0.8480449209,4.26409012,0.5957189015,1.82,0.64,0.44,1.3,13.13,0.704,12.02
1.038835888,3.51008842,0.572815534,1.5,0.4,0.2,1.02,21.88,0.5403,12.06
1.038835888,3.51008842,0.572815534,1.5,0.18,0.3,1.05,19.17,0.607,12.27
1.038835888,3.51008842,0.572815534,1.5,0.2,0.3,0.92,18.6,0.72,12.3
1.038835888,3.51008842,0.572815534,1.5,0.2,0.3,1.024,17.91,0.672,12.33
1.038835888,3.51008842,0.572815534,1.5,0,0.3,1.048,20.03,0.591,12.43
1.038835888,3.51008842,0.572815534,1.5,0.21,0.4,0.959,20.35,0.645,12.59
1.083734431,3.287420461,0.6504961411,1.72,0.4,0.18,1.12,17.1,0.66,12.6
1.040120664,3.499495199,0.5763125763,1.56,0.11,0.25,0.91,19.07,0.72,12.61
1.040120664,3.499495199,0.5763125763,1.6,0.2,0,0.91,19.61,0.71,12.67
1.038835888,3.51008842,0.572815534,1.5,0.4,0.3,0.87,18.31,0.79,12.68
1.038835888,3.51008842,0.572815534,1.5,0.3,0.4,0.872,19.51,0.75,12.7
1.038835888,3.51008842,0.572815534,1.5,0.21,0.47,0.955,20.5,0.65,12.77
1.038835888,3.51008842,0.572815534,1.55,0.42,0.02,1.011,20.5,0.638,13.2
1.040120664,3.499495199,0.5763125763,1.55,0.08,0.17,0.9,18.5,0.8,13.3
1.040120664,3.499495199,0.5763125763,1.5,0.16,0.22,0.938,19.58,0.726,13.34
1.038835888,3.51008842,0.572815534,1.5,0.2,0.3,0.88,20.25,0.75,13.37
1.038835888,3.51008842,0.572815534,1.5,0.18,0.3,1.04,19.1,0.68,13.5
1.058477743,3.493388698,0.572815534,1.5,0.47,0.12,0.88,22,0.7,13.5
1.038835888,3.51008842,0.572815534,1.5,0.2,0.18,1.04,18.4,0.72,13.6
1.038835888,3.51008842,0.572815534,1.5,0.4,0.1,0.99,19.82,0.7,13.61
1.038835888,3.51008842,0.572815534,1.55,0.42,0.23,1.05,20.6,0.636,13.7
1.048299286,3.470646654,0.5843898574,1.7,0.2,0.5,1.04,19.76,0.68,13.86
1.038835888,3.51008842,0.572815534,1.5,0.18,0.2,1.02,19.7,0.69,13.9
1.038835888,3.51008842,0.572815534,1.5,0.3,0.3,0.93,18.64,0.8,14.01
1.027503233,3.439577333,0.6062474312,1.6,0.47,0,0.994,22.68,0.625,14.09
1.047041012,3.495956244,0.5752427184,1.25,0.2,0.35,0.67,28.35,0.74,14.18
1.040120664,3.499495199,0.5763125763,1.5,0.3,0.1,0.94,19.6,0.77,14.2
1.038835888,3.51008842,0.572815534,1.55,0.42,0.17,1.061,20.7,0.647,14.2
1.037076734,3.490414826,0.5809373769,1.59,0.43,0.31,1.033,20.35,0.68,14.33
1.040120664,3.499495199,0.5763125763,1.55,0.08,0.25,0.985,19.8,0.7358,14.35
1.038034936,3.507624461,0.5740291262,1.38,0.04,0.32,0.82,22.44,0.78,14.35
1.058477743,3.493388698,0.572815534,1.5,0.5,0.12,0.966,21.918,0.676,14.36
1.040120664,3.499495199,0.5763125763,1.63,0.28,0.27,0.94,21.76,0.7,14.36
1.038835888,3.51008842,0.572815534,1.5,0.18,0.11,0.99,20.18,0.72,14.38
1.038835888,3.51008842,0.572815534,1.5,0.3,0.18,1.045,20.3,0.677,14.4
1.038835888,3.51008842,0.572815534,1.5,0.5,0.3,1,18.52,0.78,14.45
1.037089946,3.511813861,0.572815534,1.55,0.16,0.37,1.02,20.03,0.71,14.49
1.038835888,3.51008842,0.572815534,1.5,0.2,0.18,1.07,19.6,0.69,14.5
1.038835888,3.51008842,0.572815534,1.5,0.4,0.2,0.91,20.92,0.76,14.5
1.003420144,3.528656523,0.5831296722,1.5,0.14,0,1,21.2,0.69,14.5
1.038835888,3.51008842,0.572815534,1.5,0.21,0.03,0.9645,21.5,0.7,14.51
0.8480449209,4.26409012,0.5957189015,1.92,0.83,0.05,1.23,15,0.785,14.6
1.038835888,3.51008842,0.572815534,1.5,0.65,0.32,1.05,20.6,0.69,14.6
1.038835888,3.51008842,0.572815534,1.5,0.32,0.3,1,18.56,0.79,14.6
1.038835888,3.51008842,0.572815534,1.5,0.2,0.3,1.01,19.74,0.734,14.64
1.038835888,3.51008842,0.572815534,1.5,0.21,0.1,0.965,21.7,0.7,14.65
1.038835888,3.51008842,0.572815534,1.5,-0.1,0.3,1.03,18.23,0.78,14.66
1.038835888,3.51008842,0.572815534,1.5,0.2,0.3,0.98,19.1,0.78,14.7
1.038835888,3.51008842,0.572815534,1.55,-0.1,0.26,1.02,21.29,0.6731,14.81
1.038835888,3.51008842,0.572815534,1.5,0.2,0.3,1,18.85,0.79,14.83
1.040120664,3.499495199,0.5763125763,1.55,0.3,0.2,1.02,20.3,0.72,14.9
1.048299286,3.470646654,0.5843898574,1.7,0.2,0.2,1.04,20.54,0.7,14.92
1.038835888,3.51008842,0.572815534,1.5,0.18,0.38,1.021,21.64,0.679,15
1.038835888,3.51008842,0.572815534,1.5,0.18,0.2,0.99,22,0.69,15
1.038835888,3.51008842,0.572815534,1.5,0.18,0.3,1.09,19.7,0.699,15
1.038835888,3.51008842,0.572815534,1.5,0.2,0.3,0.96,19.8,0.79,15.01
1.038835888,3.51008842,0.572815534,1.45,0.06,0.35,1.04,20.15,0.72,15.09
1.038835888,3.51008842,0.572815534,1.5,0.1,0.6,1.04,20.4,0.68,15.1
1.038835888,3.51008842,0.572815534,1.5,0.4,0.1,0.95,21.03,0.755,15.1
1.040120664,3.499495199,0.5763125763,1.55,0.1,0.15,0.99,19.58,0.78,15.12
1.040120664,3.499495199,0.5763125763,1.63,0.21,0.15,1.036,19.1,0.77,15.15
1.038835888,3.51008842,0.572815534,1.5,0.2,0,1.039,20.71,0.704,15.15
1.059446349,3.465084977,0.5830039526,1.73,0.18,0.43,1.05,20.94,0.69,15.17
1.05825999,3.471488258,0.5809373769,1.58,0.4,0.16,1.103,21.96,0.6274,15.2
1.038835888,3.51008842,0.572815534,1.5,0.15,0.2,0.98,21.7,0.712,15.2
1.038835888,3.51008842,0.572815534,1.5,0.1,0.3,1.075,21.296,0.664,15.2
1.038835888,3.51008842,0.572815534,1.5,0.3,0.1,1.06,19.2,0.745,15.2
1.038835888,3.51008842,0.572815534,1.5,0.4,0,0.92,21.73,0.758,15.2
1.040120664,3.499495199,0.5763125763,1.55,0.08,0.39,0.97,21.48,0.73,15.24
1.059446349,3.465084977,0.5830039526,1.62,0.23,0.37,1.027,21.47,0.6916,15.24
1.038835888,3.51008842,0.572815534,1.5,0.18,0.2,1.05,21.6,0.67,15.3
1.038835888,3.51008842,0.572815534,1.5,0.18,0.33,1.05,20.7,0.7,15.3
1.038835888,3.51008842,0.572815534,1.5,0.2,0.3,0.97,21.82,0.73,15.38
1.038835888,3.51008842,0.572815534,1.5,0.4,0.2,1.07,23.44,0.6125,15.38
1.038835888,3.51008842,0.572815534,1.5,0.18,0.2,1.04,23,0.64,15.4
1.038835888,3.51008842,0.572815534,1.5,0.1,0.3,1.04,20.2,0.74,15.4
1.059446349,3.465084977,0.5830039526,1.6,0.51,0.15,1.08,22.01,0.65,15.5
1.038835888,3.51008842,0.572815534,1.565,0.2,0.2,1.016,22.92,0.67,15.6
1.038835888,3.51008842,0.572815534,1.55,0.42,0.08,1.044,21.6,0.691,15.6
1.038835888,3.51008842,0.572815534,1.59,0.18,0.11,1.07,19.3,0.76,15.7
1.038835888,3.51008842,0.572815534,1.5,0.18,0.2,1.03,20.4,0.749,15.7
0.8445997664,4.331208764,0.572815534,1.73,0.18,0.27,1.08,18.41,0.793,15.71
1.038116177,3.484006853,0.5830039526,1.611,0.28,0.32,1.061,21.28,0.6955,15.71
1.040120664,3.499495199,0.5763125763,1.5,0.3,-0.3,0.96,21.1,0.78,15.8
1.038835888,3.51008842,0.572815534,1.5,0.1,0.3,1.05,19.16,0.79,15.82
1.054200184,3.496622843,0.572815534,1.48,0.95,0,0.985,23.35,0.688,15.83
1.054200184,3.496622843,0.572815534,1.48,0.68,0,0.978,22.67,0.716,15.87
1.040120664,3.499495199,0.5763125763,1.55,0.18,0.37,0.98,22.94,0.7,15.9
1.038835888,3.51008842,0.572815534,1.5,0.18,0.2,1,21.8,0.726,15.9
1.058477743,3.493388698,0.572815534,1.5,0.5,0.12,1,22.4,0.71,16
1.049727855,3.422800284,0.60296372,1.6,0.08,0.2,1.13,19,0.71,16
1.038835888,3.51008842,0.572815534,1.5,0.16,0.37,1.04,20.4,0.756,16.04
1.038835888,3.51008842,0.572815534,1.5,0.51,0.3,1.061,20.68,0.731,16.04
0.8480449209,4.26409012,0.5957189015,1.92,0.86,0.06,1.23,16.79,0.7781,16.07
1.038835888,3.51008842,0.572815534,1.5,0.16,0.2,1.07,19.1,0.787,16.08
1.056826724,3.48542396,0.576171875,1.6,0.28,0.2,1.1,20.7,0.706,16.1
1.038835888,3.51008842,0.572815534,1.5,0.2,0.2,1,20.1,0.8,16.1
1.038835888,3.51008842,0.572815534,1.5,0.18,0.3,1.116,19.1,0.754,16.1
1.038835888,3.51008842,0.572815534,1.5,0.18,0.3,1.06,20.5,0.741,16.1
1.038835888,3.51008842,0.572815534,1.5,0.18,0.2,1.029,21.08,0.745,16.11
1.038835888,3.51008842,0.572815534,1.5,0.3,0.2,1.06,20.24,0.753,16.15
1.038835888,3.51008842,0.572815534,1.5,0.15,0.3,1.071,20.62,0.748,16.2
1.038835888,3.51008842,0.572815534,1.5,0.3,0.2,1.02,22.3,0.71,16.2
1.038835888,3.51008842,0.572815534,1.5,0.3,0.18,1.06,20.7,0.74,16.2
1.044728445,3.504567747,0.572815534,1.57,0.067,0.27,1.052,21.96,0.702,16.21
1.038835888,3.51008842,0.572815534,1.5,0.15,0.2,1.09,19.5,0.76,16.22
1.056846807,3.487939566,0.5752427184,1.17,0.39,0.06,0.782,28.51,0.73,16.27
1.038835888,3.51008842,0.572815534,1.5,0.2,0.3,1.11,20.7,0.709,16.3
1.040120664,3.499495199,0.5763125763,1.55,0.06,0.37,1.06,20.7,0.75,16.3
1.038835888,3.51008842,0.572815534,1.5,0.2,0.32,1.06,21.8,0.706,16.3
1.039574706,3.503986725,0.5748246298,1.579,0.207,0.207,1.026,23.04,0.69,16.31
1.038835888,3.51008842,0.572815534,1.5,0.2,0.2,1.036,19.85,0.76,16.37
1.038835888,3.51008842,0.572815534,1.5,0.4,0,0.95,22.44,0.771,16.4
1.038835888,3.51008842,0.572815534,1.55,0.08,0.26,1.05,21.62,0.7234,16.43
1.038835888,3.51008842,0.572815534,1.5,0.2,0.3,1.07,20.58,0.748,16.47
1.038835888,3.51008842,0.572815534,1.69,0.45,0.21,1.03,21.7,0.738,16.49
1.038835888,3.51008842,0.572815534,1.5,0.2,0.3,1.08,21.1,0.73,16.5
1.038835888,3.51008842,0.572815534,1.5,0.18,0.2,1.07,20.5,0.74,16.5
1.040120664,3.499495199,0.5763125763,1.56,0.07,0.3,1.04,22,0.721,16.5
1.038835888,3.51008842,0.572815534,1.5,0.1,0.3,1.05,21.9,0.72,16.5
1.038835888,3.51008842,0.572815534,1.5,0.1,0.32,1.09,20.9,0.72,16.5
1.038835888,3.51008842,0.572815534,1.5,0,0.2,1.03,21.4,0.75,16.5
1.027503233,3.439577333,0.6062474312,1.6,0.43,0,1.025,20.16,0.801,16.54
1.038835888,3.51008842,0.572815534,1.5,0.22,0.3,1.07,20.15,0.77,16.6
1.038835888,3.51008842,0.572815534,1.5,0.1,0.6,1,21.7,0.758,16.6
1.059577144,3.461318767,0.5843898574,1.56,0.63,0.02,1.12,21.06,0.704,16.6
1.044728445,3.504567747,0.572815534,1.57,0.105,0.27,1.058,21.73,0.724,16.65
1.038835888,3.51008842,0.572815534,1.5,0.21,0.37,1.05,20.71,0.7664,16.67
1.038254753,3.480306738,0.5843898574,1.57,0.16,0.57,1.06,22.44,0.704,16.71
1.03982171,3.501952827,0.5754974639,1.585,0.21,0.21,1.052,23.08,0.69,16.75
1.038254753,3.480306738,0.5843898574,1.57,0.16,0.36,1.07,21.9,0.7138,16.76
1.059446349,3.465084977,0.5830039526,1.73,0.39,0.43,1.133,20.4,0.72,16.8
1.031737165,3.447060966,0.600814664,1.55,0.26,0.27,1.14,19.8,0.75,16.8
1.038835888,3.51008842,0.572815534,1.5,0.4,0.3,1.02,21.87,0.75,16.8
1.038835888,3.51008842,0.572815534,1.69,0.45,0.34,1.05,22.6,0.712,16.89
1.059446349,3.465084977,0.5830039526,1.6,0.32,0.1,1.145,23.12,0.64,16.9
1.048646981,3.477564097,0.5816246057,1.63,0.63,0.05,1.135,21.83,0.684,16.95
1.038835888,3.51008842,0.572815534,1.5,0.15,0.3,1.08,20.6,0.766,17
1.048945787,3.470069934,0.5843898574,1.6,0.45,0.14,1.121,21.34,0.714,17
1.048945787,3.470069934,0.5843898574,1.6,0.45,0.14,1.121,21.34,0.714,17
1.038835888,3.51008842,0.572815534,1.5,0.18,0.3,1.05,21.64,0.741,17.01
1.038835888,3.51008842,0.572815534,1.5,0.23,0.3,1.07,20.37,0.78,17.02
1.038835888,3.51008842,0.572815534,1.5,0.15,0.2,1.02,21.44,0.77,17.05
1.040120664,3.499495199,0.5763125763,1.6,0.3,0,0.98,22.61,0.77,17.06
1.038835888,3.51008842,0.572815534,1.5,0.18,0.3,1.05,20.79,0.78,17.08
1.038835888,3.51008842,0.572815534,1.5,0.1,0,1.04,21.3,0.772,17.1
1.04883092,3.473785443,0.5830039526,1.612,0.18,0.41,1.054,21.7,0.7548,17.1
1.038835888,3.51008842,0.572815534,1.5,0.18,0.32,1.05,22.5,0.718,17.1
1.040120664,3.499495199,0.5763125763,1.56,0.07,0.32,1.08,21.48,0.738,17.11
1.040564931,3.495851132,0.5775254503,1.597,0.2146,0.216,1.065,22.95,0.7,17.11
1.038835888,3.51008842,0.572815534,1.5,0.18,0.15,1.03,22.46,0.741,17.11
1.04219179,3.464685822,0.5889662028,1.35,0.02,0.01,0.89,25.67,0.75,17.13
1.059446349,3.465084977,0.5830039526,1.73,0.32,0.18,1.114,22.042,0.698,17.14
1.040120664,3.499495199,0.5763125763,1.55,0.08,0.25,1.08,21.45,0.74,17.14
1.040120664,3.499495199,0.5763125763,1.56,0.07,0.35,1.06,21.65,0.749,17.19
1.038835888,3.51008842,0.572815534,1.5,0.18,0.2,1.05,22.8,0.72,17.2
1.038835888,3.51008842,0.572815534,1.5,0.14,0.3,1.11,23.27,0.75,17.21
1.038835888,3.51008842,0.572815534,1.5,0.17,0.37,1.09,20.94,0.754,17.21
1.038835888,3.51008842,0.572815534,1.5,0.18,0.32,1.11,23.27,0.67,17.21
1.038835888,3.51008842,0.572815534,1.5,0.18,0.2,1.105,21.06,0.74,17.24
1.038835888,3.51008842,0.572815534,1.5,0.23,0.27,1.06,20.2,0.813,17.3
1.059446349,3.465084977,0.5830039526,1.72,0.4,0.18,1.08,22,0.7,17.3
1.044728445,3.504567747,0.572815534,1.57,0.134,0.27,1.065,21.88,0.744,17.33
1.038835888,3.51008842,0.572815534,1.5,0.18,0.3,1.06,20.68,0.791,17.35
1.058477743,3.493388698,0.572815534,1.5,0.5,0.12,1.05,23,0.721,17.4
1.038835888,3.51008842,0.572815534,1.5,0.4,0.2,1.06,21.7,0.75,17.4
1.048593299,3.461367739,0.587883619,1.62,0.33,0.41,1.106,20.92,0.754,17.46
1.038835888,3.51008842,0.572815534,1.5,0.17,0.2,1.12,20.5,0.76,17.5
1.038835888,3.51008842,0.572815534,1.5,0.2,0.2,1.05,22.6,0.734,17.5
1.003420144,3.528656523,0.5831296722,1.5,0.14,0.2,1.06,21.4,0.77,17.5
1.059446349,3.465084977,0.5830039526,1.73,0.27,0.18,1.09,20.85,0.77,17.5
1.038835888,3.51008842,0.572815534,1.5,0.18,0.32,1.058,20.8,0.798,17.54
1.054200184,3.496622843,0.572815534,1.48,0.74,0,1.005,24.21,0.722,17.56
1.047041012,3.495956244,0.5752427184,1.25,0.2,0.15,0.75,30.36,0.76,17.59
1.003420144,3.528656523,0.5831296722,1.5,0.1,0,1.16,22.5,0.68,17.6
1.048945787,3.470069934,0.5843898574,1.6,0.41,0.14,1.089,22.38,0.725,17.6
1.038835888,3.51008842,0.572815534,1.5,0.18,0.2,1.07,21.37,0.768,17.6
1.048945787,3.470069934,0.5843898574,1.6,0.41,0.14,1.089,22.38,0.725,17.6
1.038835888,3.51008842,0.572815534,1.5,0.15,0.2,1.1,20.5,0.78,17.6
1.038835888,3.51008842,0.572815534,1.5,0.18,0.2,1.06,20.68,0.75,17.65
1.037076734,3.490414826,0.5809373769,1.59,0.43,0.21,1.098,22.53,0.71,17.77
1.038835888,3.51008842,0.572815534,1.45,0.06,0.11,1.06,22.35,0.75,17.78
1.038835888,3.51008842,0.572815534,1.5,0.18,0.2,1.1,21.9,0.741,17.8
1.038835888,3.51008842,0.572815534,1.5,0.15,0.2,1.08,21,0.786,17.8
1.048945787,3.470069934,0.5843898574,1.6,0.34,0.14,1.15,21.4,0.72,17.8
1.038254753,3.480306738,0.5843898574,1.57,0.15,0.06,1.09,23.16,0.7088,17.88
1.059446349,3.465084977,0.5830039526,1.61,0.61,0.08,1.117,22.7,0.71,17.88
1.059446349,3.465084977,0.5830039526,1.73,0.18,0.43,1.087,22.3,0.74,17.9
1.061793356,3.3994428,0.6082474227,1.5,0.15,0.2,1.08,22.42,0.74,17.92
1.059577144,3.461318767,0.5843898574,1.58,0.4,0.06,1.06,22.08,0.767,18
1.040120664,3.499495199,0.5763125763,1.55,0.1,0.47,0.92,22.4,0.82,18
1.040069082,3.499918928,0.576171875,1.591,0.213,0.213,1.064,23.52,0.72,18.02
1.038835888,3.51008842,0.572815534,1.69,0.45,0.64,1.1,22.1,0.742,18.04
1.038835888,3.51008842,0.572815534,1.5,0.17,0.2,1.1,20.6,0.797,18.06
1.038835888,3.51008842,0.572815534,1.5,0.18,0.2,1.075,21.88,0.769,18.08
1.038835888,3.51008842,0.572815534,1.5,0.15,0.3,1.07,22,0.768,18.1
1.040120664,3.499495199,0.5763125763,1.56,0.07,0.41,1.11,21.88,0.746,18.11
1.038835888,3.51008842,0.572815534,1.5,0.24,0.1,1.09,21.74,0.767,18.18
1.040120664,3.499495199,0.5763125763,1.7,0.42,0.6,1.07,21.83,0.78,18.23
1.040120664,3.499495199,0.5763125763,1.56,0.07,0.54,1.08,21.66,0.781,18.27
1.044728445,3.504567747,0.572815534,1.57,0.2,0.27,1.113,21.3,0.771,18.28
1.059446349,3.465084977,0.5830039526,1.73,0.35,0.43,1.145,20.7,0.77,18.3
1.038254753,3.480306738,0.5843898574,1.57,0.16,0.5,1.09,22.8,0.7366,18.31
1.044728445,3.504567747,0.572815534,1.57,0.23,0.27,1.044,21.66,0.81,18.32
1.038835888,3.51008842,0.572815534,1.5,0.18,0.2,1.05,22.5,0.8,18.338
1.038835888,3.51008842,0.572815534,1.5,0.18,0,1.1,22.06,0.756,18.39
1.044728445,3.504567747,0.572815534,1.57,0.184,0.27,1.073,22.03,0.778,18.39
1.003420144,3.528656523,0.5831296722,1.5,0.3,0,1.13,22.6,0.71,18.5
1.038835888,3.51008842,0.572815534,1.5,0.18,0.32,1.07,22.9,0.74,18.5
1.040120664,3.499495199,0.5763125763,1.55,0.01,0.25,1.11,21.66,0.77,18.51
1.038835888,3.51008842,0.572815534,1.5,0.18,0.2,1.084,22.2,0.771,18.55
1.059446349,3.465084977,0.5830039526,1.73,0.18,0.32,1.09,24.42,0.699,18.56
1.059446349,3.465084977,0.5830039526,1.58,0.05,0.3,1.13,23.4,0.703,18.6
1.048593299,3.461367739,0.587883619,1.62,0.33,0.25,1.134,21.36,0.769,18.64
1.038835888,3.51008842,0.572815534,1.55,0.05,0.26,1.1,21.78,0.7763,18.67
1.044728445,3.504567747,0.572815534,1.57,0.19,0.27,1.079,22.2,0.781,18.71
1.027503233,3.439577333,0.6062474312,1.6,0.5,0,1.153,22.18,0.733,18.76
1.027503233,3.439577333,0.6062474312,1.6,0.48,0,1.097,22.59,0.758,18.77
1.038254753,3.480306738,0.5843898574,1.57,0.13,0.06,1.09,23.17,0.7431,18.77
1.040120664,3.499495199,0.5763125763,1.56,0.07,0.42,1.1,22.03,0.774,18.77
1.038835888,3.51008842,0.572815534,1.5,0.15,0.2,"1,07","22,7",0.775,18.8
1.038835888,3.51008842,0.572815534,1.5,0.3,0.1,1.12,21.8,0.77,18.8
1.038835888,3.51008842,0.572815534,1.55,0.08,0.26,1.09,22.24,0.7891,18.81
1.040120664,3.499495199,0.5763125763,1.63,0.21,0.25,1.136,21.36,0.78,18.89
1.038835888,3.51008842,0.572815534,1.5,0.2,0.1,1.1,22.3,0.77,18.9
1.003420144,3.528656523,0.5831296722,1.5,0.2,0,1.15,21.5,0.76,18.9
1.059446349,3.465084977,0.5830039526,1.73,0.35,0.18,1.13,21.71,0.77,18.9
1.037076734,3.490414826,0.5809373769,1.59,0.43,0.14,1.097,23.21,0.74,18.99
1.003420144,3.528656523,0.5831296722,1.5,0.14,0.2,1.1,22.3,0.78,19
1.038835888,3.51008842,0.572815534,1.5,0.15,0.2,1.05,22.7,0.8,19
1.048945787,3.470069934,0.5843898574,0.16,0.48,0,1.076,22.7,0.78,19
1.038254753,3.480306738,0.5843898574,1.57,0.16,0.06,1.12,23.15,0.7339,19.03
1.038835888,3.51008842,0.572815534,1.5,0.18,0.2,1.071,21.3,0.84,19.1
1.038835888,3.51008842,0.572815534,1.5,0.18,0.2,1.09,23.91,0.73,19.12
1.044728445,3.504567747,0.572815534,1.57,0.196,0.27,1.085,22.29,0.791,19.13
1.038835888,3.51008842,0.572815534,1.5,0,0.3,1.11,21.23,0.81,19.14
1.048646981,3.477564097,0.5816246057,1.63,0.63,0.16,1.098,22.21,0.785,19.14
1.038835888,3.51008842,0.572815534,1.5,0.2,0,1.122,22.6,0.757,19.19
1.038835888,3.51008842,0.572815534,1.5,0.18,0.32,1.1,22.03,0.785,19.2
1.059446349,3.465084977,0.5830039526,1.73,0.43,0.18,1.13,23.67,0.72,19.2
1.04883092,3.473785443,0.5830039526,1.6,0.58,-0.1,1.09,22.62,0.779,19.2
1.059446349,3.465084977,0.5830039526,1.55,0.4,0.18,1.03,23.7,0.79,19.2
1.059446349,3.465084977,0.5830039526,1.59,0.16,0.3,1.1,22.34,0.782,19.23
1.044728445,3.504567747,0.572815534,1.57,0.212,0.27,1.072,22.3,0.807,19.29
1.038835888,3.51008842,0.572815534,1.5,0.29,0.3,1.12,21.77,0.731,19.35
1.038835888,3.51008842,0.572815534,1.69,0.45,0.27,1.16,22.3,0.752,19.42
1.059446349,3.465084977,0.5830039526,1.6,0.28,0.2,1.123,22.89,0.756,19.43
1.036275714,3.464403763,0.5915332601,1.62,0.84,0.57,1.1,22.56,0.785,19.48
1.038835888,3.51008842,0.572815534,1.5,0.18,0.3,1.11,22.64,0.776,19.5
1.038835888,3.51008842,0.572815534,1.5,0.3,0,1.07,22.6,0.806,19.5
1.038835888,3.51008842,0.572815534,1.5,0.35,0.3,1.11,22.7,0.78,19.54
1.038254753,3.480306738,0.5843898574,1.57,0.16,0.14,1.11,23.52,0.7506,19.6
1.038835888,3.51008842,0.572815534,1.5,0.1,0.3,1.08,22.47,0.81,19.66
1.059446349,3.465084977,0.5830039526,1.73,0.69,0.18,1.1,25.5,0.6985,19.68
1.048689536,3.472103832,0.5836960823,1.69,0.45,0.21,1.08,22.5,0.809,19.7
1.003420144,3.528656523,0.5831296722,1.5,0.1,0,1.17,22.2,0.77,19.8
1.059446349,3.465084977,0.5830039526,1.73,0.43,0.18,1.14,22.84,0.7579,19.81
1.044728445,3.504567747,0.572815534,1.57,0.201,0.27,1.082,22.51,0.815,19.85
1.048945787,3.470069934,0.5843898574,1.6,0.23,0.14,1.18,21.8,0.77,20
1.059446349,3.465084977,0.5830039526,1.58,0.72,0.02,1.14,22.58,0.78,20.02
1.038254753,3.480306738,0.5843898574,1.57,0.16,0.06,1.12,23.52,0.7601,20.02
1.059446349,3.465084977,0.5830039526,1.59,0.16,0.2,1.1,23.2,0.786,20.05
1.038835888,3.51008842,0.572815534,1.5,0.18,0.2,1.114,23.34,0.7731,20.1
1.038835888,3.51008842,0.572815534,1.59,0.4,0.3,1.03,23.51,0.83,20.1
1.059446349,3.465084977,0.5830039526,1.6,0.34,0.1,1.132,23.59,0.75,20.1
1.037076734,3.490414826,0.5809373769,1.59,0.43,0.21,1.084,22.66,0.82,20.16
1.059446349,3.465084977,0.5830039526,1.5,0.2,0.2,1.13,22.92,0.7805,20.2
1.059446349,3.465084977,0.5830039526,1.6,0.43,0.15,1.13,23.52,0.76,20.2
1.038835888,3.51008842,0.572815534,1.5,0.15,0.1,1.12,22.28,0.812,20.26
1.048646981,3.477564097,0.5816246057,1.63,0.63,0.12,1.168,22.51,0.776,20.4
1.048945787,3.470069934,0.5843898574,1.6,0.34,0.01,1.158,22.32,0.792,20.46
1.038254753,3.480306738,0.5843898574,1.57,0.14,0.06,1.13,23.62,0.7666,20.47
1.038254753,3.480306738,0.5843898574,1.57,0.14,0.06,1.13,23.62,0.7666,20.47
1.042873381,3.50625626,0.572815534,1.56,0.19,0.47,1.08,24.35,0.766,20.5
1.059446349,3.465084977,0.5830039526,1.6,0.28,0.2,1.14,23.7,0.78,20.5
1.059446349,3.465084977,0.5830039526,1.6,0.39,0.1,1.13,23.87,0.76,20.6
1.059446349,3.465084977,0.5830039526,1.63,0.22,0.18,1.145,23.28,0.76,20.61
1.038835888,3.51008842,0.572815534,1.5,0.15,0.2,1.11,24,0.78,20.7
1.059446349,3.465084977,0.5830039526,1.73,0.43,0.18,1.129,23.6,0.779,20.75
1.059446349,3.465084977,0.5830039526,1.55,0.4,0.18,1.14,23.7,0.78,21
1.00449529,3.518841423,0.5864864132,1.5,0.14,0,1.17,22.7,0.8,21.2
1.059446349,3.465084977,0.5830039526,1.58,0.44,0.3,1.1,23.4,0.827,21.3
1.059446349,3.465084977,0.5830039526,1.73,0.43,0.18,1.16,23.18,0.79,21.31
1.04883092,3.473785443,0.5830039526,1.6,0.78,0,1.189,22.3,0.806,21.4
1.036275714,3.464403763,0.5915332601,1.62,0.64,0.37,1.21,22.5,0.79,21.51
1.059446349,3.465084977,0.5830039526,1.58,0.06,0.3,1.14,23.4,0.823,22
